{"assets/icons/airehtfele_logo_large.svg":["assets/icons/airehtfele_logo_large.svg"],"assets/icons/ic_category.svg":["assets/icons/ic_category.svg"],"assets/icons/ic_database.svg":["assets/icons/ic_database.svg"],"assets/icons/ic_deployment_package.svg":["assets/icons/ic_deployment_package.svg"],"assets/icons/ic_resume.svg":["assets/icons/ic_resume.svg"],"assets/icons/ic_terminal.svg":["assets/icons/ic_terminal.svg"],"assets/langs/en-US.json":["assets/langs/en-US.json"],"assets/langs/es.json":["assets/langs/es.json"],"assets/vectors/vec_folder.svg":["assets/vectors/vec_folder.svg"],"assets/vectors/vec_list.svg":["assets/vectors/vec_list.svg"],"assets/vectors/vec_script.svg":["assets/vectors/vec_script.svg"],"packages/cupertino_icons/assets/CupertinoIcons.ttf":["packages/cupertino_icons/assets/CupertinoIcons.ttf"],"packages/easy_localization/i18n/ar-DZ.json":["packages/easy_localization/i18n/ar-DZ.json"],"packages/easy_localization/i18n/ar.json":["packages/easy_localization/i18n/ar.json"],"packages/easy_localization/i18n/en-US.json":["packages/easy_localization/i18n/en-US.json"],"packages/easy_localization/i18n/en.json":["packages/easy_localization/i18n/en.json"],"packages/fluent_ui/assets/AcrylicNoise.png":["packages/fluent_ui/assets/AcrylicNoise.png"],"packages/fluent_ui/fonts/FluentIcons.ttf":["packages/fluent_ui/fonts/FluentIcons.ttf"],"packages/glass_kit/assets/noise.png":["packages/glass_kit/assets/noise.png"],"packages/window_manager/images/ic_chrome_close.png":["packages/window_manager/images/ic_chrome_close.png"],"packages/window_manager/images/ic_chrome_maximize.png":["packages/window_manager/images/ic_chrome_maximize.png"],"packages/window_manager/images/ic_chrome_minimize.png":["packages/window_manager/images/ic_chrome_minimize.png"],"packages/window_manager/images/ic_chrome_unmaximize.png":["packages/window_manager/images/ic_chrome_unmaximize.png"]}